date,x,count,smoothed
2010-01-04,2010.017808219178,0,0.0
2010-01-11,2010.0369863013698,0,0.0
2010-01-18,2010.0561643835617,0,0.0
2010-01-25,2010.0753424657535,0,0.0
2010-02-01,2010.0945205479452,0,0.0
2010-02-08,2010.113698630137,0,0.0
2010-02-15,2010.1328767123289,0,0.0
2010-02-22,2010.1520547945206,0,0.0
2010-03-01,2010.1712328767123,0,0.0
2010-03-08,2010.190410958904,0,0.0
2010-03-15,2010.2095890410958,0,0.0
2010-03-22,2010.2287671232878,0,0.0
2010-03-29,2010.2479452054795,0,0.0
2010-04-05,2010.2671232876712,0,0.0
2010-04-12,2010.286301369863,0,0.0
2010-04-19,2010.305479452055,0,0.0
2010-04-26,2010.3246575342466,0,0.0
2010-05-03,2010.3438356164384,0,0.0
2010-05-10,2010.36301369863,0,0.0
2010-05-17,2010.3821917808218,0,0.0
2010-05-24,2010.4013698630138,0,0.0
2010-05-31,2010.4205479452055,1,0.07692307692307693
2010-06-07,2010.4397260273972,0,0.07692307692307693
2010-06-14,2010.458904109589,0,0.07692307692307693
2010-06-21,2010.478082191781,0,0.07692307692307693
2010-06-28,2010.4972602739726,0,0.07692307692307693
2010-07-05,2010.5164383561644,0,0.07692307692307693
2010-07-12,2010.535616438356,0,0.07692307692307693
2010-07-19,2010.554794520548,0,0.07692307692307693
2010-07-26,2010.5739726027398,0,0.07692307692307693
2010-08-02,2010.5931506849315,0,0.07692307692307693
2010-08-09,2010.6123287671232,0,0.07692307692307693
2010-08-16,2010.631506849315,0,0.07692307692307693
2010-08-23,2010.650684931507,0,0.07692307692307693
2010-08-30,2010.6698630136987,0,0.0
2010-09-06,2010.6890410958904,0,0.0
2010-09-13,2010.7082191780821,0,0.0
2010-09-20,2010.727397260274,0,0.0
2010-09-27,2010.7465753424658,0,0.0
2010-10-04,2010.7657534246575,0,0.0
2010-10-11,2010.7849315068493,0,0.0
2010-10-18,2010.804109589041,0,0.0
2010-10-25,2010.823287671233,0,0.0
2010-11-01,2010.8424657534247,0,0.0
2010-11-08,2010.8616438356164,0,0.0
2010-11-15,2010.8808219178081,0,0.0
2010-11-22,2010.9,0,0.0
2010-11-29,2010.9191780821918,0,0.0
2010-12-06,2010.9383561643835,1,0.07692307692307693
2010-12-13,2010.9575342465753,0,0.07692307692307693
2010-12-20,2010.9767123287672,0,0.07692307692307693
2010-12-27,2010.995890410959,0,0.07692307692307693
2011-01-03,2011.0150684931507,0,0.07692307692307693
2011-01-10,2011.0342465753424,0,0.07692307692307693
2011-01-17,2011.0534246575342,0,0.07692307692307693
2011-01-24,2011.072602739726,0,0.07692307692307693
2011-01-31,2011.0917808219178,0,0.07692307692307693
2011-02-07,2011.1109589041096,0,0.07692307692307693
2011-02-14,2011.1301369863013,0,0.07692307692307693
2011-02-21,2011.1493150684933,0,0.07692307692307693
2011-02-28,2011.168493150685,0,0.07692307692307693
2011-03-07,2011.1876712328767,0,0.0
2011-03-14,2011.2068493150684,0,0.0
2011-03-21,2011.2260273972602,0,0.0
2011-03-28,2011.2452054794521,0,0.0
2011-04-04,2011.2643835616439,0,0.0
2011-04-11,2011.2835616438356,0,0.0
2011-04-18,2011.3027397260273,0,0.0
2011-04-25,2011.3219178082193,0,0.0
2011-05-02,2011.341095890411,0,0.0
2011-05-09,2011.3602739726027,0,0.0
2011-05-16,2011.3794520547945,0,0.0
2011-05-23,2011.3986301369864,0,0.0
2011-05-30,2011.4178082191781,0,0.0
2011-06-06,2011.4369863013699,0,0.0
2011-06-13,2011.4561643835616,0,0.0
2011-06-20,2011.4753424657533,0,0.0
2011-06-27,2011.4945205479453,0,0.0
2011-07-04,2011.513698630137,0,0.0
2011-07-11,2011.5328767123287,0,0.0
2011-07-18,2011.5520547945205,0,0.0
2011-07-25,2011.5712328767124,0,0.0
2011-08-01,2011.5904109589042,0,0.0
2011-08-08,2011.609589041096,0,0.0
2011-08-15,2011.6287671232876,0,0.0
2011-08-22,2011.6479452054793,0,0.0
2011-08-29,2011.6671232876713,0,0.0
2011-09-05,2011.686301369863,0,0.0
2011-09-12,2011.7054794520548,0,0.0
2011-09-19,2011.7246575342465,0,0.0
2011-09-26,2011.7438356164384,0,0.0
2011-10-03,2011.7630136986302,0,0.0
2011-10-10,2011.782191780822,0,0.0
2011-10-17,2011.8013698630136,0,0.0
2011-10-24,2011.8205479452056,0,0.0
2011-10-31,2011.8397260273973,0,0.0
2011-11-07,2011.858904109589,0,0.0
2011-11-14,2011.8780821917808,0,0.0
2011-11-21,2011.8972602739725,0,0.0
2011-11-28,2011.9164383561645,0,0.0
2011-12-05,2011.9356164383562,0,0.0
2011-12-12,2011.954794520548,0,0.0
2011-12-19,2011.9739726027397,0,0.0
2011-12-26,2011.9931506849316,0,0.0
2012-01-02,2012.0122950819673,0,0.0
2012-01-09,2012.0314207650274,0,0.0
2012-01-16,2012.0505464480875,0,0.0
2012-01-23,2012.0696721311476,0,0.0
2012-01-30,2012.0887978142077,0,0.0
2012-02-06,2012.1079234972678,0,0.0
2012-02-13,2012.127049180328,0,0.0
2012-02-20,2012.146174863388,0,0.0
2012-02-27,2012.1653005464482,0,0.0
2012-03-05,2012.1844262295083,0,0.0
2012-03-12,2012.2035519125684,0,0.0
2012-03-19,2012.2226775956285,0,0.0
2012-03-26,2012.2418032786886,0,0.0
2012-04-02,2012.2609289617487,0,0.0
2012-04-09,2012.2800546448088,0,0.0
2012-04-16,2012.299180327869,0,0.0
2012-04-23,2012.318306010929,0,0.0
2012-04-30,2012.3374316939892,0,0.0
2012-05-07,2012.3565573770493,0,0.0
2012-05-14,2012.3756830601094,0,0.0
2012-05-21,2012.3948087431695,1,0.07692307692307693
2012-05-28,2012.4139344262296,0,0.07692307692307693
2012-06-04,2012.4330601092897,0,0.07692307692307693
2012-06-11,2012.4521857923498,0,0.07692307692307693
2012-06-18,2012.47131147541,0,0.07692307692307693
2012-06-25,2012.49043715847,0,0.07692307692307693
2012-07-02,2012.50956284153,0,0.07692307692307693
2012-07-09,2012.52868852459,0,0.07692307692307693
2012-07-16,2012.5478142076502,0,0.07692307692307693
2012-07-23,2012.5669398907103,0,0.07692307692307693
2012-07-30,2012.5860655737704,0,0.07692307692307693
2012-08-06,2012.6051912568305,0,0.07692307692307693
2012-08-13,2012.6243169398906,0,0.07692307692307693
2012-08-20,2012.6434426229507,0,0.0
2012-08-27,2012.6625683060108,0,0.0
2012-09-03,2012.681693989071,0,0.0
2012-09-10,2012.700819672131,0,0.0
2012-09-17,2012.7199453551912,0,0.0
2012-09-24,2012.7390710382513,0,0.0
2012-10-01,2012.7581967213114,0,0.0
2012-10-08,2012.7773224043715,1,0.07692307692307693
2012-10-15,2012.7964480874316,0,0.07692307692307693
2012-10-22,2012.8155737704917,0,0.07692307692307693
2012-10-29,2012.8346994535518,0,0.07692307692307693
2012-11-05,2012.853825136612,0,0.07692307692307693
2012-11-12,2012.872950819672,0,0.07692307692307693
2012-11-19,2012.8920765027322,0,0.07692307692307693
2012-11-26,2012.9112021857923,0,0.07692307692307693
2012-12-03,2012.9303278688524,0,0.07692307692307693
2012-12-10,2012.9494535519125,0,0.07692307692307693
2012-12-17,2012.9685792349726,0,0.07692307692307693
2012-12-24,2012.9877049180327,0,0.07692307692307693
2012-12-31,2013.0068493150684,0,0.07692307692307693
2013-01-07,2013.0260273972603,0,0.0
2013-01-14,2013.045205479452,0,0.0
2013-01-21,2013.0643835616438,0,0.0
2013-01-28,2013.0835616438355,0,0.0
2013-02-04,2013.1027397260275,0,0.0
2013-02-11,2013.1219178082192,0,0.0
2013-02-18,2013.141095890411,0,0.0
2013-02-25,2013.1602739726027,1,0.07692307692307693
2013-03-04,2013.1794520547944,0,0.07692307692307693
2013-03-11,2013.1986301369864,0,0.07692307692307693
2013-03-18,2013.217808219178,0,0.07692307692307693
2013-03-25,2013.2369863013698,0,0.07692307692307693
2013-04-01,2013.2561643835616,0,0.07692307692307693
2013-04-08,2013.2753424657535,0,0.07692307692307693
2013-04-15,2013.2945205479452,0,0.07692307692307693
2013-04-22,2013.313698630137,0,0.07692307692307693
2013-04-29,2013.3328767123287,0,0.07692307692307693
2013-05-06,2013.3520547945207,0,0.07692307692307693
2013-05-13,2013.3712328767124,0,0.07692307692307693
2013-05-20,2013.390410958904,0,0.07692307692307693
2013-05-27,2013.4095890410958,0,0.0
2013-06-03,2013.4287671232876,0,0.0
2013-06-10,2013.4479452054795,0,0.0
2013-06-17,2013.4671232876713,0,0.0
2013-06-24,2013.486301369863,0,0.0
2013-07-01,2013.5054794520547,0,0.0
2013-07-08,2013.5246575342467,0,0.0
2013-07-15,2013.5438356164384,0,0.0
2013-07-22,2013.5630136986301,0,0.0
2013-07-29,2013.5821917808219,0,0.0
2013-08-05,2013.6013698630136,0,0.0
2013-08-12,2013.6205479452055,0,0.0
2013-08-19,2013.6397260273973,0,0.0
2013-08-26,2013.658904109589,0,0.0
2013-09-02,2013.6780821917807,0,0.0
2013-09-09,2013.6972602739727,0,0.0
2013-09-16,2013.7164383561644,0,0.0
2013-09-23,2013.7356164383561,1,0.07692307692307693
2013-09-30,2013.7547945205479,0,0.07692307692307693
2013-10-07,2013.7739726027398,0,0.07692307692307693
2013-10-14,2013.7931506849316,0,0.07692307692307693
2013-10-21,2013.8123287671233,0,0.07692307692307693
2013-10-28,2013.831506849315,0,0.07692307692307693
2013-11-04,2013.8506849315067,0,0.07692307692307693
2013-11-11,2013.8698630136987,0,0.07692307692307693
2013-11-18,2013.8890410958904,0,0.07692307692307693
2013-11-25,2013.9082191780822,0,0.07692307692307693
2013-12-02,2013.927397260274,1,0.15384615384615385
2013-12-09,2013.9465753424658,0,0.15384615384615385
2013-12-16,2013.9657534246576,0,0.15384615384615385
2013-12-23,2013.9849315068493,0,0.07692307692307693
2013-12-30,2014.004109589041,0,0.07692307692307693
2014-01-06,2014.0232876712328,1,0.15384615384615385
2014-01-13,2014.0424657534247,0,0.15384615384615385
2014-01-20,2014.0616438356165,0,0.15384615384615385
2014-01-27,2014.0808219178082,0,0.15384615384615385
2014-02-03,2014.1,0,0.15384615384615385
2014-02-10,2014.1191780821919,0,0.15384615384615385
2014-02-17,2014.1383561643836,0,0.15384615384615385
2014-02-24,2014.1575342465753,0,0.15384615384615385
2014-03-03,2014.176712328767,0,0.07692307692307693
2014-03-10,2014.195890410959,0,0.07692307692307693
2014-03-17,2014.2150684931507,0,0.07692307692307693
2014-03-24,2014.2342465753425,0,0.07692307692307693
2014-03-31,2014.2534246575342,0,0.07692307692307693
2014-04-07,2014.272602739726,0,0.0
2014-04-14,2014.2917808219179,1,0.07692307692307693
2014-04-21,2014.3109589041096,0,0.07692307692307693
2014-04-28,2014.3301369863013,0,0.07692307692307693
2014-05-05,2014.349315068493,0,0.07692307692307693
2014-05-12,2014.368493150685,0,0.07692307692307693
2014-05-19,2014.3876712328768,0,0.07692307692307693
2014-05-26,2014.4068493150685,0,0.07692307692307693
2014-06-02,2014.4260273972602,0,0.07692307692307693
2014-06-09,2014.445205479452,0,0.07692307692307693
2014-06-16,2014.464383561644,0,0.07692307692307693
2014-06-23,2014.4835616438356,0,0.07692307692307693
2014-06-30,2014.5027397260274,0,0.07692307692307693
2014-07-07,2014.521917808219,0,0.07692307692307693
2014-07-14,2014.541095890411,1,0.07692307692307693
2014-07-21,2014.5602739726028,0,0.07692307692307693
2014-07-28,2014.5794520547945,0,0.07692307692307693
2014-08-04,2014.5986301369862,1,0.15384615384615385
2014-08-11,2014.6178082191782,0,0.15384615384615385
2014-08-18,2014.63698630137,0,0.15384615384615385
2014-08-25,2014.6561643835616,0,0.15384615384615385
2014-09-01,2014.6753424657534,1,0.23076923076923078
2014-09-08,2014.694520547945,0,0.23076923076923078
2014-09-15,2014.713698630137,1,0.3076923076923077
2014-09-22,2014.7328767123288,0,0.3076923076923077
2014-09-29,2014.7520547945205,0,0.3076923076923077
2014-10-06,2014.7712328767122,0,0.3076923076923077
2014-10-13,2014.7904109589042,0,0.23076923076923078
2014-10-20,2014.809589041096,0,0.23076923076923078
2014-10-27,2014.8287671232877,0,0.23076923076923078
2014-11-03,2014.8479452054794,0,0.15384615384615385
2014-11-10,2014.8671232876711,0,0.15384615384615385
2014-11-17,2014.886301369863,0,0.15384615384615385
2014-11-24,2014.9054794520548,0,0.15384615384615385
2014-12-01,2014.9246575342465,0,0.07692307692307693
2014-12-08,2014.9438356164383,0,0.07692307692307693
2014-12-15,2014.9630136986302,0,0.0
2014-12-22,2014.982191780822,0,0.0
2014-12-29,2015.0013698630137,0,0.0
2015-01-05,2015.0205479452054,1,0.07692307692307693
2015-01-12,2015.0397260273974,0,0.07692307692307693
2015-01-19,2015.058904109589,0,0.07692307692307693
2015-01-26,2015.0780821917808,0,0.07692307692307693
2015-02-02,2015.0972602739726,0,0.07692307692307693
2015-02-09,2015.1164383561643,1,0.15384615384615385
2015-02-16,2015.1356164383562,0,0.15384615384615385
2015-02-23,2015.154794520548,0,0.15384615384615385
2015-03-02,2015.1739726027397,1,0.23076923076923078
2015-03-09,2015.1931506849314,0,0.23076923076923078
2015-03-16,2015.2123287671234,0,0.23076923076923078
2015-03-23,2015.231506849315,0,0.23076923076923078
2015-03-30,2015.2506849315068,0,0.23076923076923078
2015-04-06,2015.2698630136986,0,0.15384615384615385
2015-04-13,2015.2890410958903,1,0.23076923076923078
2015-04-20,2015.3082191780823,0,0.23076923076923078
2015-04-27,2015.327397260274,1,0.3076923076923077
2015-05-04,2015.3465753424657,0,0.3076923076923077
2015-05-11,2015.3657534246574,0,0.23076923076923078
2015-05-18,2015.3849315068494,0,0.23076923076923078
2015-05-25,2015.4041095890411,0,0.23076923076923078
2015-06-01,2015.4232876712329,0,0.15384615384615385
2015-06-08,2015.4424657534246,0,0.15384615384615385
2015-06-15,2015.4616438356165,0,0.15384615384615385
2015-06-22,2015.4808219178083,1,0.23076923076923078
2015-06-29,2015.5,0,0.23076923076923078
2015-07-06,2015.5191780821917,0,0.23076923076923078
2015-07-13,2015.5383561643835,0,0.15384615384615385
2015-07-20,2015.5575342465754,0,0.15384615384615385
2015-07-27,2015.5767123287671,0,0.07692307692307693
2015-08-03,2015.5958904109589,0,0.07692307692307693
2015-08-10,2015.6150684931506,0,0.07692307692307693
2015-08-17,2015.6342465753426,0,0.07692307692307693
2015-08-24,2015.6534246575343,0,0.07692307692307693
2015-08-31,2015.672602739726,0,0.07692307692307693
2015-09-07,2015.6917808219177,0,0.07692307692307693
2015-09-14,2015.7109589041097,0,0.07692307692307693
2015-09-21,2015.7301369863014,0,0.0
2015-09-28,2015.7493150684932,0,0.0
2015-10-05,2015.768493150685,0,0.0
2015-10-12,2015.7876712328766,0,0.0
2015-10-19,2015.8068493150686,0,0.0
2015-10-26,2015.8260273972603,0,0.0
2015-11-02,2015.845205479452,0,0.0
2015-11-09,2015.8643835616438,0,0.0
2015-11-16,2015.8835616438357,0,0.0
2015-11-23,2015.9027397260274,0,0.0
2015-11-30,2015.9219178082192,0,0.0
2015-12-07,2015.941095890411,0,0.0
2015-12-14,2015.9602739726026,0,0.0
2015-12-21,2015.9794520547946,1,0.07692307692307693
2015-12-28,2015.9986301369863,0,0.07692307692307693
2016-01-04,2016.0177595628415,0,0.07692307692307693
2016-01-11,2016.0368852459017,1,0.15384615384615385
2016-01-18,2016.0560109289618,0,0.15384615384615385
2016-01-25,2016.0751366120219,0,0.15384615384615385
2016-02-01,2016.094262295082,0,0.15384615384615385
2016-02-08,2016.113387978142,0,0.15384615384615385
2016-02-15,2016.1325136612022,0,0.15384615384615385
2016-02-22,2016.1516393442623,0,0.15384615384615385
2016-02-29,2016.1707650273224,1,0.23076923076923078
2016-03-07,2016.1898907103825,0,0.23076923076923078
2016-03-14,2016.2090163934427,0,0.23076923076923078
2016-03-21,2016.2281420765028,0,0.15384615384615385
2016-03-28,2016.2472677595629,0,0.15384615384615385
2016-04-04,2016.266393442623,1,0.23076923076923078
2016-04-11,2016.285519125683,0,0.15384615384615385
2016-04-18,2016.3046448087432,0,0.15384615384615385
2016-04-25,2016.3237704918033,0,0.15384615384615385
2016-05-02,2016.3428961748634,1,0.23076923076923078
2016-05-09,2016.3620218579235,0,0.23076923076923078
2016-05-16,2016.3811475409836,0,0.23076923076923078
2016-05-23,2016.4002732240438,1,0.3076923076923077
2016-05-30,2016.4193989071039,0,0.23076923076923078
2016-06-06,2016.438524590164,0,0.23076923076923078
2016-06-13,2016.457650273224,1,0.3076923076923077
2016-06-20,2016.4767759562842,0,0.3076923076923077
2016-06-27,2016.4959016393443,0,0.3076923076923077
2016-07-04,2016.5150273224044,0,0.23076923076923078
2016-07-11,2016.5341530054645,0,0.23076923076923078
2016-07-18,2016.5532786885246,1,0.3076923076923077
2016-07-25,2016.5724043715848,0,0.3076923076923077
2016-08-01,2016.5915300546449,0,0.23076923076923078
2016-08-08,2016.610655737705,1,0.3076923076923077
2016-08-15,2016.629781420765,0,0.3076923076923077
2016-08-22,2016.6489071038252,0,0.23076923076923078
2016-08-29,2016.6680327868853,0,0.23076923076923078
2016-09-05,2016.6871584699454,0,0.23076923076923078
2016-09-12,2016.7062841530055,0,0.15384615384615385
2016-09-19,2016.7254098360656,0,0.15384615384615385
2016-09-26,2016.7445355191257,0,0.15384615384615385
2016-10-03,2016.7636612021859,0,0.15384615384615385
2016-10-10,2016.782786885246,0,0.15384615384615385
2016-10-17,2016.801912568306,0,0.07692307692307693
2016-10-24,2016.8210382513662,0,0.07692307692307693
2016-10-31,2016.8401639344263,0,0.07692307692307693
2016-11-07,2016.8592896174864,0,0.0
2016-11-14,2016.8784153005465,0,0.0
2016-11-21,2016.8975409836066,0,0.0
2016-11-28,2016.9166666666667,0,0.0
2016-12-05,2016.9357923497269,0,0.0
2016-12-12,2016.954918032787,0,0.0
2016-12-19,2016.974043715847,0,0.0
2016-12-26,2016.9931693989072,0,0.0
2017-01-02,2017.0123287671233,0,0.0
2017-01-09,2017.031506849315,1,0.07692307692307693
2017-01-16,2017.0506849315068,0,0.07692307692307693
2017-01-23,2017.0698630136985,0,0.07692307692307693
2017-01-30,2017.0890410958905,0,0.07692307692307693
2017-02-06,2017.1082191780822,0,0.07692307692307693
2017-02-13,2017.127397260274,1,0.15384615384615385
2017-02-20,2017.1465753424657,0,0.15384615384615385
2017-02-27,2017.1657534246576,0,0.15384615384615385
2017-03-06,2017.1849315068494,0,0.15384615384615385
2017-03-13,2017.204109589041,1,0.23076923076923078
2017-03-20,2017.2232876712328,0,0.23076923076923078
2017-03-27,2017.2424657534248,1,0.3076923076923077
2017-04-03,2017.2616438356165,0,0.3076923076923077
2017-04-10,2017.2808219178082,0,0.23076923076923078
2017-04-17,2017.3,0,0.23076923076923078
2017-04-24,2017.3191780821917,0,0.23076923076923078
2017-05-01,2017.3383561643836,1,0.3076923076923077
2017-05-08,2017.3575342465754,0,0.3076923076923077
2017-05-15,2017.376712328767,1,0.3076923076923077
2017-05-22,2017.3958904109588,0,0.3076923076923077
2017-05-29,2017.4150684931508,1,0.38461538461538464
2017-06-05,2017.4342465753425,0,0.38461538461538464
2017-06-12,2017.4534246575342,0,0.3076923076923077
2017-06-19,2017.472602739726,2,0.46153846153846156
2017-06-26,2017.4917808219177,0,0.38461538461538464
2017-07-03,2017.5109589041097,1,0.46153846153846156
2017-07-10,2017.5301369863014,0,0.46153846153846156
2017-07-17,2017.5493150684931,0,0.46153846153846156
2017-07-24,2017.5684931506848,0,0.46153846153846156
2017-07-31,2017.5876712328768,0,0.38461538461538464
2017-08-07,2017.6068493150685,0,0.38461538461538464
2017-08-14,2017.6260273972603,1,0.38461538461538464
2017-08-21,2017.645205479452,1,0.46153846153846156
2017-08-28,2017.664383561644,0,0.38461538461538464
2017-09-04,2017.6835616438357,1,0.46153846153846156
2017-09-11,2017.7027397260274,0,0.46153846153846156
2017-09-18,2017.7219178082191,0,0.3076923076923077
2017-09-25,2017.7410958904109,0,0.3076923076923077
2017-10-02,2017.7602739726028,0,0.23076923076923078
2017-10-09,2017.7794520547945,2,0.38461538461538464
2017-10-16,2017.7986301369863,0,0.38461538461538464
2017-10-23,2017.817808219178,0,0.38461538461538464
2017-10-30,2017.83698630137,1,0.46153846153846156
2017-11-06,2017.8561643835617,0,0.46153846153846156
2017-11-13,2017.8753424657534,0,0.38461538461538464
2017-11-20,2017.8945205479451,0,0.3076923076923077
2017-11-27,2017.9136986301369,0,0.3076923076923077
2017-12-04,2017.9328767123288,0,0.23076923076923078
2017-12-11,2017.9520547945206,1,0.3076923076923077
2017-12-18,2017.9712328767123,1,0.38461538461538464
2017-12-25,2017.990410958904,0,0.38461538461538464
2018-01-01,2018.009589041096,0,0.38461538461538464
2018-01-08,2018.0287671232877,1,0.3076923076923077
2018-01-15,2018.0479452054794,0,0.3076923076923077
2018-01-22,2018.0671232876712,0,0.3076923076923077
2018-01-29,2018.0863013698631,1,0.3076923076923077
2018-02-05,2018.1054794520549,0,0.3076923076923077
2018-02-12,2018.1246575342466,0,0.3076923076923077
2018-02-19,2018.1438356164383,1,0.38461538461538464
2018-02-26,2018.16301369863,0,0.38461538461538464
2018-03-05,2018.182191780822,1,0.46153846153846156
2018-03-12,2018.2013698630137,0,0.38461538461538464
2018-03-19,2018.2205479452055,0,0.3076923076923077
2018-03-26,2018.2397260273972,1,0.38461538461538464
2018-04-02,2018.2589041095891,1,0.46153846153846156
2018-04-09,2018.2780821917809,0,0.38461538461538464
2018-04-16,2018.2972602739726,1,0.46153846153846156
2018-04-23,2018.3164383561643,0,0.46153846153846156
2018-04-30,2018.335616438356,0,0.38461538461538464
2018-05-07,2018.354794520548,1,0.46153846153846156
2018-05-14,2018.3739726027397,0,0.46153846153846156
2018-05-21,2018.3931506849315,1,0.46153846153846156
2018-05-28,2018.4123287671232,0,0.46153846153846156
2018-06-04,2018.4315068493152,1,0.46153846153846156
2018-06-11,2018.4506849315069,0,0.46153846153846156
2018-06-18,2018.4698630136986,0,0.46153846153846156
2018-06-25,2018.4890410958903,1,0.46153846153846156
2018-07-02,2018.5082191780823,0,0.38461538461538464
2018-07-09,2018.527397260274,0,0.38461538461538464
2018-07-16,2018.5465753424658,1,0.38461538461538464
2018-07-23,2018.5657534246575,1,0.46153846153846156
2018-07-30,2018.5849315068492,0,0.46153846153846156
2018-08-06,2018.6041095890412,1,0.46153846153846156
2018-08-13,2018.623287671233,0,0.46153846153846156
2018-08-20,2018.6424657534246,0,0.38461538461538464
2018-08-27,2018.6616438356164,0,0.38461538461538464
2018-09-03,2018.6808219178083,0,0.3076923076923077
2018-09-10,2018.7,1,0.38461538461538464
2018-09-17,2018.7191780821918,0,0.38461538461538464
2018-09-24,2018.7383561643835,0,0.3076923076923077
2018-10-01,2018.7575342465752,0,0.3076923076923077
2018-10-08,2018.7767123287672,1,0.38461538461538464
2018-10-15,2018.795890410959,0,0.3076923076923077
2018-10-22,2018.8150684931506,0,0.23076923076923078
2018-10-29,2018.8342465753424,0,0.23076923076923078
2018-11-05,2018.8534246575343,0,0.15384615384615385
2018-11-12,2018.872602739726,1,0.23076923076923078
2018-11-19,2018.8917808219178,0,0.23076923076923078
2018-11-26,2018.9109589041095,0,0.23076923076923078
2018-12-03,2018.9301369863015,2,0.38461538461538464
2018-12-10,2018.9493150684932,0,0.3076923076923077
2018-12-17,2018.968493150685,1,0.38461538461538464
2018-12-24,2018.9876712328767,0,0.38461538461538464
2018-12-31,2019.0068493150684,0,0.38461538461538464
2019-01-07,2019.0260273972603,1,0.38461538461538464
2019-01-14,2019.045205479452,0,0.38461538461538464
2019-01-21,2019.0643835616438,0,0.38461538461538464
2019-01-28,2019.0835616438355,0,0.38461538461538464
2019-02-04,2019.1027397260275,0,0.38461538461538464
2019-02-11,2019.1219178082192,0,0.3076923076923077
2019-02-18,2019.141095890411,1,0.38461538461538464
2019-02-25,2019.1602739726027,1,0.46153846153846156
2019-03-04,2019.1794520547944,0,0.3076923076923077
2019-03-11,2019.1986301369864,0,0.3076923076923077
2019-03-18,2019.217808219178,0,0.23076923076923078
2019-03-25,2019.2369863013698,0,0.23076923076923078
2019-04-01,2019.2561643835616,0,0.23076923076923078
2019-04-08,2019.2753424657535,0,0.15384615384615385
2019-04-15,2019.2945205479452,0,0.15384615384615385
2019-04-22,2019.313698630137,0,0.15384615384615385
2019-04-29,2019.3328767123287,1,0.23076923076923078
2019-05-06,2019.3520547945207,0,0.23076923076923078
2019-05-13,2019.3712328767124,0,0.23076923076923078
2019-05-20,2019.390410958904,1,0.23076923076923078
2019-05-27,2019.4095890410958,0,0.15384615384615385
2019-06-03,2019.4287671232876,0,0.15384615384615385
2019-06-10,2019.4479452054795,1,0.23076923076923078
2019-06-17,2019.4671232876713,0,0.23076923076923078
2019-06-24,2019.486301369863,0,0.23076923076923078
2019-07-01,2019.5054794520547,0,0.23076923076923078
2019-07-08,2019.5246575342467,0,0.23076923076923078
2019-07-15,2019.5438356164384,0,0.23076923076923078
2019-07-22,2019.5630136986301,1,0.3076923076923077
2019-07-29,2019.5821917808219,0,0.23076923076923078
2019-08-05,2019.6013698630136,1,0.3076923076923077
2019-08-12,2019.6205479452055,0,0.3076923076923077
2019-08-19,2019.6397260273973,0,0.23076923076923078
2019-08-26,2019.658904109589,0,0.23076923076923078
2019-09-02,2019.6780821917807,0,0.23076923076923078
2019-09-09,2019.6972602739727,0,0.15384615384615385
2019-09-16,2019.7164383561644,0,0.15384615384615385
2019-09-23,2019.7356164383561,0,0.15384615384615385
2019-09-30,2019.7547945205479,0,0.15384615384615385
2019-10-07,2019.7739726027398,0,0.15384615384615385
2019-10-14,2019.7931506849316,0,0.15384615384615385
2019-10-21,2019.8123287671233,0,0.07692307692307693
2019-10-28,2019.831506849315,0,0.07692307692307693
2019-11-04,2019.8506849315067,0,0.0
2019-11-11,2019.8698630136987,1,0.07692307692307693
2019-11-18,2019.8890410958904,0,0.07692307692307693
2019-11-25,2019.9082191780822,0,0.07692307692307693
2019-12-02,2019.927397260274,1,0.15384615384615385
2019-12-09,2019.9465753424658,0,0.15384615384615385
2019-12-16,2019.9657534246576,1,0.23076923076923078
2019-12-23,2019.9849315068493,0,0.23076923076923078
2019-12-30,2020.0040983606557,0,0.23076923076923078
2020-01-06,2020.0232240437158,1,0.3076923076923077
2020-01-13,2020.042349726776,1,0.38461538461538464
2020-01-20,2020.061475409836,0,0.38461538461538464
2020-01-27,2020.0806010928961,1,0.46153846153846156
2020-02-03,2020.0997267759562,0,0.46153846153846156
2020-02-10,2020.1188524590164,0,0.38461538461538464
2020-02-17,2020.1379781420765,1,0.46153846153846156
2020-02-24,2020.1571038251366,0,0.46153846153846156
2020-03-02,2020.1762295081967,1,0.46153846153846156
2020-03-09,2020.1953551912568,0,0.46153846153846156
2020-03-16,2020.214480874317,1,0.46153846153846156
2020-03-23,2020.233606557377,0,0.46153846153846156
2020-03-30,2020.2527322404371,0,0.46153846153846156
2020-04-06,2020.2718579234972,0,0.38461538461538464
2020-04-13,2020.2909836065573,0,0.3076923076923077
2020-04-20,2020.3101092896175,1,0.38461538461538464
2020-04-27,2020.3292349726776,0,0.3076923076923077
2020-05-04,2020.3483606557377,0,0.3076923076923077
2020-05-11,2020.3674863387978,0,0.3076923076923077
2020-05-18,2020.386612021858,0,0.23076923076923078
2020-05-25,2020.405737704918,1,0.3076923076923077
2020-06-01,2020.4248633879781,1,0.3076923076923077
2020-06-08,2020.4439890710382,1,0.38461538461538464
2020-06-15,2020.4631147540983,0,0.3076923076923077
2020-06-22,2020.4822404371585,0,0.3076923076923077
2020-06-29,2020.5013661202186,1,0.38461538461538464
2020-07-06,2020.5204918032787,0,0.38461538461538464
2020-07-13,2020.5396174863388,0,0.38461538461538464
2020-07-20,2020.558743169399,1,0.38461538461538464
2020-07-27,2020.577868852459,0,0.38461538461538464
2020-08-03,2020.5969945355191,1,0.46153846153846156
2020-08-10,2020.6161202185792,0,0.46153846153846156
2020-08-17,2020.6352459016393,1,0.5384615384615384
2020-08-24,2020.6543715846994,1,0.5384615384615384
2020-08-31,2020.6734972677596,1,0.5384615384615384
2020-09-07,2020.6926229508197,0,0.46153846153846156
2020-09-14,2020.7117486338798,0,0.46153846153846156
2020-09-21,2020.73087431694,0,0.46153846153846156
2020-09-28,2020.75,0,0.38461538461538464
2020-10-05,2020.76912568306,1,0.46153846153846156
2020-10-12,2020.7882513661202,1,0.5384615384615384
2020-10-19,2020.8073770491803,1,0.5384615384615384
2020-10-26,2020.8265027322404,0,0.5384615384615384
2020-11-02,2020.8456284153006,1,0.5384615384615384
2020-11-09,2020.8647540983607,0,0.5384615384615384
2020-11-16,2020.8838797814208,2,0.6153846153846154
2020-11-23,2020.9030054644809,1,0.6153846153846154
2020-11-30,2020.922131147541,1,0.6153846153846154
2020-12-07,2020.941256830601,1,0.6923076923076923
2020-12-14,2020.9603825136612,1,0.7692307692307693
2020-12-21,2020.9795081967213,0,0.7692307692307693
2020-12-28,2020.9986338797814,0,0.7692307692307693
2021-01-04,2021.017808219178,1,0.7692307692307693
2021-01-11,2021.0369863013698,0,0.6923076923076923
2021-01-18,2021.0561643835617,2,0.7692307692307693
2021-01-25,2021.0753424657535,0,0.7692307692307693
2021-02-01,2021.0945205479452,1,0.7692307692307693
2021-02-08,2021.113698630137,0,0.7692307692307693
2021-02-15,2021.1328767123289,1,0.6923076923076923
2021-02-22,2021.1520547945206,0,0.6153846153846154
2021-03-01,2021.1712328767123,1,0.6153846153846154
2021-03-08,2021.190410958904,2,0.6923076923076923
2021-03-15,2021.2095890410958,0,0.6153846153846154
2021-03-22,2021.2287671232878,1,0.6923076923076923
2021-03-29,2021.2479452054795,0,0.6923076923076923
2021-04-05,2021.2671232876712,1,0.6923076923076923
2021-04-12,2021.286301369863,0,0.6923076923076923
2021-04-19,2021.305479452055,1,0.6153846153846154
2021-04-26,2021.3246575342466,1,0.6923076923076923
2021-05-03,2021.3438356164384,2,0.7692307692307693
2021-05-10,2021.36301369863,1,0.8461538461538461
2021-05-17,2021.3821917808218,0,0.7692307692307693
2021-05-24,2021.4013698630138,1,0.8461538461538461
2021-05-31,2021.4205479452055,2,0.9230769230769231
2021-06-07,2021.4397260273972,0,0.7692307692307693
2021-06-14,2021.458904109589,1,0.8461538461538461
2021-06-21,2021.478082191781,0,0.7692307692307693
2021-06-28,2021.4972602739726,1,0.8461538461538461
2021-07-05,2021.5164383561644,0,0.7692307692307693
2021-07-12,2021.535616438356,0,0.7692307692307693
2021-07-19,2021.554794520548,0,0.6923076923076923
2021-07-26,2021.5739726027398,0,0.6153846153846154
2021-08-02,2021.5931506849315,0,0.46153846153846156
2021-08-09,2021.6123287671232,0,0.38461538461538464
2021-08-16,2021.631506849315,0,0.38461538461538464
2021-08-23,2021.650684931507,1,0.38461538461538464
2021-08-30,2021.6698630136987,0,0.23076923076923078
2021-09-06,2021.6890410958904,0,0.23076923076923078
2021-09-13,2021.7082191780821,2,0.3076923076923077
2021-09-20,2021.727397260274,0,0.3076923076923077
2021-09-27,2021.7465753424658,0,0.23076923076923078
2021-10-04,2021.7657534246575,0,0.23076923076923078
2021-10-11,2021.7849315068493,0,0.23076923076923078
2021-10-18,2021.804109589041,0,0.23076923076923078
2021-10-25,2021.823287671233,0,0.23076923076923078
2021-11-01,2021.8424657534247,0,0.23076923076923078
2021-11-08,2021.8616438356164,2,0.38461538461538464
2021-11-15,2021.8808219178081,0,0.38461538461538464
2021-11-22,2021.9,1,0.38461538461538464
2021-11-29,2021.9191780821918,1,0.46153846153846156
2021-12-06,2021.9383561643835,1,0.5384615384615384
2021-12-13,2021.9575342465753,2,0.5384615384615384
2021-12-20,2021.9767123287672,1,0.6153846153846154
2021-12-27,2021.995890410959,0,0.6153846153846154
2022-01-03,2022.0150684931507,1,0.6923076923076923
2022-01-10,2022.0342465753424,1,0.7692307692307693
2022-01-17,2022.0534246575342,1,0.8461538461538461
2022-01-24,2022.072602739726,0,0.8461538461538461
2022-01-31,2022.0917808219178,3,1.0769230769230769
2022-02-07,2022.1109589041096,0,0.9230769230769231
2022-02-14,2022.1301369863013,0,0.9230769230769231
2022-02-21,2022.1493150684933,2,1.0
2022-02-28,2022.168493150685,1,1.0
2022-03-07,2022.1876712328767,1,1.0
2022-03-14,2022.2068493150684,1,0.9230769230769231
2022-03-21,2022.2260273972602,0,0.8461538461538461
2022-03-28,2022.2452054794521,1,0.9230769230769231
2022-04-04,2022.2643835616439,1,0.9230769230769231
2022-04-11,2022.2835616438356,1,0.9230769230769231
2022-04-18,2022.3027397260273,1,0.9230769230769231
2022-04-25,2022.3219178082193,2,1.0769230769230769
2022-05-02,2022.341095890411,1,0.9230769230769231
2022-05-09,2022.3602739726027,2,1.0769230769230769
2022-05-16,2022.3794520547945,1,1.1538461538461537
2022-05-23,2022.3986301369864,1,1.0769230769230769
2022-05-30,2022.4178082191781,0,1.0
2022-06-06,2022.4369863013699,1,1.0
2022-06-13,2022.4561643835616,3,1.1538461538461537
2022-06-20,2022.4753424657533,0,1.1538461538461537
2022-06-27,2022.4945205479453,1,1.1538461538461537
2022-07-04,2022.513698630137,1,1.1538461538461537
2022-07-11,2022.5328767123287,3,1.3076923076923077
2022-07-18,2022.5520547945205,2,1.3846153846153846
2022-07-25,2022.5712328767124,0,1.2307692307692308
2022-08-01,2022.5904109589042,1,1.2307692307692308
2022-08-08,2022.609589041096,2,1.2307692307692308
2022-08-15,2022.6287671232876,1,1.2307692307692308
2022-08-22,2022.6479452054793,1,1.2307692307692308
2022-08-29,2022.6671232876713,1,1.3076923076923077
2022-09-05,2022.686301369863,2,1.3846153846153846
2022-09-12,2022.7054794520548,0,1.1538461538461537
2022-09-19,2022.7246575342465,2,1.3076923076923077
2022-09-26,2022.7438356164384,0,1.2307692307692308
2022-10-03,2022.7630136986302,3,1.3846153846153846
2022-10-10,2022.782191780822,1,1.2307692307692308
2022-10-17,2022.8013698630136,1,1.1538461538461537
2022-10-24,2022.8205479452056,1,1.2307692307692308
2022-10-31,2022.8397260273973,1,1.2307692307692308
2022-11-07,2022.858904109589,1,1.1538461538461537
2022-11-14,2022.8780821917808,0,1.0769230769230769
2022-11-21,2022.8972602739725,2,1.1538461538461537
2022-11-28,2022.9164383561645,0,1.0769230769230769
2022-12-05,2022.9356164383562,2,1.0769230769230769
2022-12-12,2022.954794520548,3,1.3076923076923077
2022-12-19,2022.9739726027397,0,1.1538461538461537
2022-12-26,2022.9931506849316,2,1.3076923076923077
2023-01-02,2023.0123287671233,1,1.1538461538461537
2023-01-09,2023.031506849315,1,1.1538461538461537
2023-01-16,2023.0506849315068,2,1.2307692307692308
2023-01-23,2023.0698630136985,1,1.2307692307692308
2023-01-30,2023.0890410958905,2,1.3076923076923077
2023-02-06,2023.1082191780822,2,1.3846153846153846
2023-02-13,2023.127397260274,2,1.5384615384615385
2023-02-20,2023.1465753424657,0,1.3846153846153846
2023-02-27,2023.1657534246576,3,1.6153846153846154
2023-03-06,2023.1849315068494,1,1.5384615384615385
2023-03-13,2023.204109589041,3,1.5384615384615385
2023-03-20,2023.2232876712328,1,1.6153846153846154
2023-03-27,2023.2424657534248,2,1.6153846153846154
2023-04-03,2023.2616438356165,1,1.6153846153846154
2023-04-10,2023.2808219178082,1,1.6153846153846154
2023-04-17,2023.3,1,1.5384615384615385
2023-04-24,2023.3191780821917,2,1.6153846153846154
2023-05-01,2023.3383561643836,1,1.5384615384615385
2023-05-08,2023.3575342465754,2,1.5384615384615385
2023-05-15,2023.376712328767,3,1.6153846153846154
2023-05-22,2023.3958904109588,1,1.6923076923076923
2023-05-29,2023.4150684931508,2,1.6153846153846154
2023-06-05,2023.4342465753425,1,1.6153846153846154
2023-06-12,2023.4534246575342,3,1.6153846153846154
2023-06-19,2023.472602739726,2,1.6923076923076923
2023-06-26,2023.4917808219177,1,1.6153846153846154
2023-07-03,2023.5109589041097,1,1.6153846153846154
2023-07-10,2023.5301369863014,2,1.6923076923076923
2023-07-17,2023.5493150684931,1,1.6923076923076923
2023-07-24,2023.5684931506848,2,1.6923076923076923
2023-07-31,2023.5876712328768,1,1.6923076923076923
2023-08-07,2023.6068493150685,3,1.7692307692307692
2023-08-14,2023.6260273972603,1,1.6153846153846154
2023-08-21,2023.645205479452,3,1.7692307692307692
2023-08-28,2023.664383561644,2,1.7692307692307692
2023-09-04,2023.6835616438357,2,1.8461538461538463
2023-09-11,2023.7027397260274,2,1.7692307692307692
2023-09-18,2023.7219178082191,2,1.7692307692307692
2023-09-25,2023.7410958904109,2,1.8461538461538463
2023-10-02,2023.7602739726028,1,1.8461538461538463
2023-10-09,2023.7794520547945,2,1.8461538461538463
2023-10-16,2023.7986301369863,3,2.0
2023-10-23,2023.817808219178,1,1.9230769230769231
2023-10-30,2023.83698630137,2,2.0
2023-11-06,2023.8561643835617,4,2.076923076923077
2023-11-13,2023.8753424657534,1,2.076923076923077
2023-11-20,2023.8945205479451,2,2.0
2023-11-27,2023.9136986301369,3,2.076923076923077
2023-12-04,2023.9328767123288,2,2.076923076923077
2023-12-11,2023.9520547945206,0,1.9230769230769231
2023-12-18,2023.9712328767123,3,2.0
2023-12-25,2023.990410958904,1,1.9230769230769231
2024-01-01,2024.00956284153,3,2.076923076923077
2024-01-08,2024.02868852459,1,2.0
2024-01-15,2024.0478142076502,2,1.9230769230769231
2024-01-22,2024.0669398907103,1,1.9230769230769231
2024-01-29,2024.0860655737704,3,2.0
2024-02-05,2024.1051912568305,2,1.8461538461538463
2024-02-12,2024.1243169398906,3,2.0
2024-02-19,2024.1434426229507,3,2.076923076923077
2024-02-26,2024.1625683060108,1,1.9230769230769231
2024-03-04,2024.181693989071,4,2.076923076923077
2024-03-11,2024.200819672131,2,2.230769230769231
2024-03-18,2024.2199453551912,3,2.230769230769231
2024-03-25,2024.2390710382513,3,2.3846153846153846
2024-04-01,2024.2581967213114,4,2.4615384615384617
2024-04-08,2024.2773224043715,3,2.6153846153846154
2024-04-15,2024.2964480874316,2,2.6153846153846154
2024-04-22,2024.3155737704917,3,2.769230769230769
2024-04-29,2024.3346994535518,2,2.6923076923076925
2024-05-06,2024.353825136612,3,2.769230769230769
2024-05-13,2024.372950819672,3,2.769230769230769
2024-05-20,2024.3920765027322,3,2.769230769230769
2024-05-27,2024.4112021857923,3,2.923076923076923
2024-06-03,2024.4303278688524,3,2.8461538461538463
2024-06-10,2024.4494535519125,0,2.6923076923076925
2024-06-17,2024.4685792349726,3,2.6923076923076925
2024-06-24,2024.4877049180327,3,2.6923076923076925
2024-07-01,2024.5068306010928,1,2.4615384615384617
2024-07-08,2024.525956284153,2,2.3846153846153846
2024-07-15,2024.545081967213,0,2.230769230769231
2024-07-22,2024.5642076502731,3,2.230769230769231
2024-07-29,2024.5833333333333,3,2.3076923076923075
2024-08-05,2024.6024590163934,1,2.1538461538461537
2024-08-12,2024.6215846994535,4,2.230769230769231
2024-08-19,2024.6407103825136,1,2.076923076923077
2024-08-26,2024.6598360655737,3,2.076923076923077
2024-09-02,2024.6789617486338,2,2.0
2024-09-09,2024.698087431694,3,2.230769230769231
2024-09-16,2024.717213114754,2,2.1538461538461537
2024-09-23,2024.7363387978141,2,2.076923076923077
2024-09-30,2024.7554644808743,0,2.0
2024-10-07,2024.7745901639344,1,1.9230769230769231
2024-10-14,2024.7937158469945,4,2.230769230769231
2024-10-21,2024.8128415300546,3,2.230769230769231
2024-10-28,2024.8319672131147,2,2.1538461538461537
2024-11-04,2024.8510928961748,3,2.3076923076923075
2024-11-11,2024.870218579235,5,2.3846153846153846
2024-11-18,2024.889344262295,4,2.6153846153846154
2024-11-25,2024.9084699453551,4,2.6923076923076925
2024-12-02,2024.9275956284152,4,2.8461538461538463
2024-12-09,2024.9467213114754,1,2.6923076923076925
2024-12-16,2024.9658469945355,4,2.8461538461538463
2024-12-23,2024.9849726775956,3,2.923076923076923
2024-12-30,2025.004109589041,2,3.076923076923077
2025-01-06,2025.0232876712328,4,3.3076923076923075
2025-01-13,2025.0424657534247,3,3.230769230769231
2025-01-20,2025.0616438356165,3,3.230769230769231
2025-01-27,2025.0808219178082,3,3.3076923076923075
2025-02-03,2025.1,3,3.3076923076923075
2025-02-10,2025.1191780821919,3,3.1538461538461537
2025-02-17,2025.1383561643836,3,3.076923076923077
2025-02-24,2025.1575342465753,2,2.923076923076923
2025-03-03,2025.176712328767,1,2.6923076923076925
2025-03-10,2025.195890410959,5,3.0
2025-03-17,2025.2150684931507,2,2.8461538461538463
2025-03-24,2025.2342465753425,2,2.769230769230769
2025-03-31,2025.2534246575342,4,2.923076923076923
2025-04-07,2025.272602739726,3,2.8461538461538463
2025-04-14,2025.2917808219179,2,2.769230769230769
2025-04-21,2025.3109589041096,3,2.769230769230769
2025-04-28,2025.3301369863013,5,2.923076923076923
2025-05-05,2025.349315068493,3,2.923076923076923
2025-05-12,2025.368493150685,4,3.0
2025-05-19,2025.3876712328768,3,3.0
2025-05-26,2025.4068493150685,4,3.1538461538461537
2025-06-02,2025.4260273972602,4,3.3846153846153846
2025-06-09,2025.445205479452,3,3.230769230769231
2025-06-16,2025.464383561644,2,3.230769230769231
2025-06-23,2025.4835616438356,6,3.5384615384615383
2025-06-30,2025.5027397260274,2,3.3846153846153846
2025-07-07,2025.521917808219,2,3.3076923076923075
2025-07-14,2025.541095890411,3,3.3846153846153846
2025-07-21,2025.5602739726028,4,3.4615384615384617
2025-07-28,2025.5794520547945,3,3.3076923076923075
2025-08-04,2025.5986301369862,1,3.1538461538461537
2025-08-11,2025.6178082191782,3,3.076923076923077
2025-08-18,2025.63698630137,4,3.1538461538461537
2025-08-25,2025.6561643835616,5,3.230769230769231
2025-09-01,2025.6753424657534,4,3.230769230769231
2025-09-08,2025.694520547945,4,3.3076923076923075
2025-09-15,2025.713698630137,3,3.3846153846153846
2025-09-22,2025.7328767123288,4,3.230769230769231
2025-09-29,2025.7520547945205,2,3.230769230769231
2025-10-06,2025.7712328767122,2,3.230769230769231
2025-10-13,2025.7904109589042,5,3.3846153846153846
2025-10-20,2025.809589041096,4,3.3846153846153846
2025-10-27,2025.8287671232877,4,3.4615384615384617
2025-11-03,2025.8479452054794,3,3.6153846153846154
2025-11-10,2025.8671232876711,3,3.6153846153846154
2025-11-17,2025.886301369863,5,3.6923076923076925
2025-11-24,2025.9054794520548,1,3.3846153846153846
2025-12-01,2025.9246575342465,5,3.4615384615384617
2025-12-08,2025.9438356164383,5,3.5384615384615383
2025-12-15,2025.9630136986302,3,3.5384615384615383
2025-12-22,2025.982191780822,0,3.230769230769231
2025-12-29,2026.0013698630137,2,3.230769230769231
2026-01-05,2026.0205479452054,2,3.230769230769231
2026-01-12,2026.0397260273974,4,3.1538461538461537
2026-01-19,2026.058904109589,2,3.0
2026-01-26,2026.0780821917808,3,2.923076923076923
2026-02-02,2026.0972602739726,2,2.8461538461538463
2026-02-09,2026.1164383561643,3,2.8461538461538463
2026-02-16,2026.1356164383562,4,2.769230769230769
2026-02-23,2026.154794520548,4,3.0
2026-03-02,2026.1739726027397,3,2.8461538461538463
2026-03-09,2026.1931506849314,3,2.6923076923076925
2026-03-16,2026.2123287671234,5,2.8461538461538463
2026-03-23,2026.231506849315,1,2.923076923076923
2026-03-30,2026.2506849315068,3,3.0
2026-04-06,2026.2698630136986,3,3.076923076923077
2026-04-13,2026.2890410958903,3,3.0
2026-04-20,2026.3082191780823,3,3.076923076923077
2026-04-27,2026.327397260274,3,3.076923076923077
2026-05-04,2026.3465753424657,1,3.0
2026-05-11,2026.3657534246574,2,2.923076923076923
2026-05-18,2026.3849315068494,2,2.769230769230769
2026-05-25,2026.4041095890411,4,2.769230769230769
2026-06-01,2026.4232876712329,3,2.769230769230769
2026-06-08,2026.4424657534246,3,2.769230769230769
2026-06-15,2026.4616438356165,4,2.6923076923076925
2026-06-22,2026.4808219178083,3,2.8461538461538463
2026-06-29,2026.5,3,2.8461538461538463
2026-07-06,2026.5191780821917,3,2.8461538461538463
2026-07-13,2026.5383561643835,3,2.8461538461538463
2026-07-20,2026.5575342465754,3,2.8461538461538463
2026-07-27,2026.5767123287671,2,2.769230769230769
2026-08-03,2026.5958904109589,3,2.923076923076923
2026-08-10,2026.6150684931506,4,3.076923076923077
2026-08-17,2026.6342465753426,3,3.1538461538461537
2026-08-24,2026.6534246575343,2,3.0
2026-08-31,2026.672602739726,2,2.923076923076923
2026-09-07,2026.6917808219177,2,2.8461538461538463
